Uuid,Void/Retire,Fully specified name:en,Short name:en,Description:en,...,Normal low,Normal high,Allow decimals,Display precision,_version:4,_order:133,Data class,Data type,Answers
167d05f8-bff6-4de5-8ad9-aa6ddaea377e,,ANC No,ANC No,ANC No,,,,,,,,Question,Text,
6aec4047-e68e-48d5-8caf-f06dc84de494,,ANC General Information,General Information,General Information,,,,,,,,Misc,N/A,
8961717d-b30d-46b1-b917-ff5a463fcb51,,Hypertension,Hypertension,Hypertension,,,,,,,,Misc,N/A,
d04f4562-a51f-494f-932f-0abc58440539,,Cardiac Disease,Cardiac Disease,Cardiac Disease,,,,,,,,Misc,N/A,
aff60779-2525-4a92-8413-8bd3a6b86103,,Kidney Disease,Kidney Disease,Kidney Disease,,,,,,,,Misc,N/A,
5411e66f-0ca0-4d00-b41d-d30e7d81cad6,,Tuberclosis,TB,TB,,,,,,,,Misc,N/A,
11ca83c4-a2d4-47cb-ae4a-0d33f0ba5703,,Asthma,Asthma,Asthma,,,,,,,,Misc,N/A,
627b97c2-cc7f-483d-a7c7-0200d6908d0f,,STI,STI,STI,,,,,,,,Misc,N/A,
ab6bbf11-0967-44eb-81cc-e8d1b529a89c,,Sickle-cell Disease,Sickle-cell Disease,Sickle-cell Disease,,,,,,,,Misc,N/A,
"ead65209-ee05-41c7-92ea-b96424c3fb2f ",,Epilepsy,Epilepsy,Epilepsy,,,,,,,,Misc,N/A,
44aace13-82f0-4a19-9b07-04549c998053,,Epilepsy(Seizure),Epilepsy(Seizure),Epilepsy(Seizure),,,,,,,,Misc,N/A,
1e3f1870-b252-4808-8edb-f86fad050ebd,,Diabetes,Diabetes,Diabetes,,,,,,,,Misc,N/A,
16154ebd-e4ae-4d27-8305-dd3961b87697,,Operations,Operations,Operations,,,,,,,,Misc,N/A,
d9cd0a3a-6ed5-4a85-b42b-b1dd64a0488d,,Fracture of Pelvis,Fracture of Pelvis,Fracture of Pelvis,,,,,,,,Misc,N/A,
1b21cba4-b37e-4167-9bb6-d2b85d4a9186,,Femur,Femur,Femur,,,,,,,,Misc,N/A,
6ad352a3-6abf-4f17-bcac-58e4703b3282,,Spine(Medical History),Spine,Spine(Medical History),,,,,,,,Misc,N/A,
f2355233-c552-4cd6-802f-0c7c75221f03,,Not Applicable,Not Applicable,Not Applicable,,,,,,,,Misc,N/A,
f4ceb855-94ff-44e8-8ece-b05382cc3945,,Medical History,Medical History,Medical History,,,,,,,,Question,Coded,Hypertension;Cardiac Disease;Tuberclosis;Sickle-cell Disease ; Kidney Disease;Epilepsy(Seizure);Diabetes; Asthma;STI;Operations;Fracture of Pelvis;Femur;Spine(Medical History);Not Applicable
04629e83-29fa-442f-8336-e023b916be4e,,Twins,Twins,Twins,,,,,,,,Misc,N/A,
43071f3e-469b-4e5e-b657-e8d12fd6ab13,,Past Family History,Past Family History,Past Family History,,,,,,,,Question,Coded,Hypertension;Tuberclosis;Sickle-cell Disease;Epilepsy; Diabetes; Twins;Not Applicable
e5010825-195a-45bf-803d-57faba4069b9,,Alcohol,Alcohol,Alcohol,,,,,,,,Misc,N/A,
652849fe-076d-4666-b308-cdad379a9d01,,Smoking,Smoking,Smoking,,,,,,,,Misc,N/A,
cb612e62-ac74-4f24-9805-39a26c303c6b,,Health Of The Husband,Health Of The Husband,Health Of The Husband,,,,,,,,Misc,N/A,
51bb6656-0b6d-4a00-9f5b-29a3dae279d0,,Other Social History,Others Specify,,,,,,,,,Misc,N/A,
89245dc9-9e33-4ef2-a6ae-4a6070594d1f,,Social History,Social History,Social History,,,,,,,,Question,Coded,Smoking;Health Of The Husband;Alcohol;Not Applicable;Other Social History
18f76441-202b-4a4e-8f31-bced11325c19,,Specify Other Social History,Specify Other Social History,Specify Other Social History,,,,,,,,Question,Text,
90d0dc2b-0669-4adb-b979-b8dea4af6bab,,Past medical And surgical history,Past medical And surgical history,Past medical And surgical history,,,,,,,,Misc,N/A,
03318456-c6ea-4462-9e26-234d879c7582,,Blood Transfusion,Blood Transfusion,Blood Transfusion,,,,,,,,"Question ",Boolean,
304cef47-c4fc-42c7-99a3-d1bdc8e2add8,,Reason For Blood Transfusion,Reason For Blood Transfusion,Reason For Blood Transfusion,,,,,,,,Question,Text,
72488c80-3e28-4d96-a7ae-9b0930f4a9a2,,Number Of Days On Menses,Number Of Days On Menses,Number Of Days On Menses,,,,,,,,Question,Numeric,
da7dd52a-c00a-4dbc-8703-aa480028da1b,,Heavy,Heavy,Heavy,,,,,,,,Misc,N/A,
c45f6876-3f10-11e4-adec-0800271c1b75,,Normal,Normal,Normal,,,,,,,,Misc,N/A,
9b80e82d-c494-4632-bac7-662269bd7472,,Amount,Amount,Amount,,,,,,,,Question,Coded,Normal;Heavy
66a6bacc-8ac0-4c2c-b44a-d62ca9a3e89b,,Implant,Implant,Implant,,,,,,,,Misc,N/A,
f49566c2-213e-4529-894b-e5e56d270841,,IUD,IUD,IUD,,,,,,,,Misc,N/A,
fd941da4-f45d-471e-a007-53867a6251ec,,Male sterilization,Male sterilization,Male sterilization,,,,,,,,Misc,N/A,
cdde742d-bce2-49da-94fd-8717040d914b,,Female sterilization,Female sterilization,Female sterilization,,,,,,,,Misc,N/A,
255e08db-6175-45df-a350-2f9f65cb8f2c,,"Condoms , Male","Condoms , Male","Condoms , Male",,,,,,,,Misc,N/A,
5c32f49f-a1b0-4156-8f5b-8d1d25872110,,"Condoms , Female","Condoms , Female","Condoms , Female",,,,,,,,Misc,N/A,
37cd8e96-9564-4ebc-8faf-06321d194fb0,,"Pills (COC,POP and ECP)","Pills (COC,POP and ECP)","Pills (COC,POP and ECP)",,,,,,,,Misc,N/A,
111b7c83-bd20-456a-9eb0-ab647e6566e0,,Injection,Injection,Injection,,,,,,,,Misc,N/A,
bc453345-54eb-4d7c-b7d9-9075bd51fad2,,Natural Methods,Natural Methods,Natural Methods,,,,,,,,Misc,N/A,
f300d53c-a935-4404-ae63-c771a816d663,,None/Never,None/Never,None/Never,,,,,,,,Misc,N/A,
609d59f7-79d1-4748-ad86-57c831dbff60,,FP Method,Family Planning Method Used,Family Method Used,,,,,,,,Question,Coded,"Implant ; IUD ; Male sterilization;Female sterilization; Condoms , Male ;Condoms , Female;Pills (COC,POP and ECP) ; Injection ; Natural Methods;None/Never"
33951822-b0aa-4bd1-b750-710f6f9eefa2,,"ANC,FP Method",FP  Method Used,Family Planning Method Used,,,,,,,,Question,Coded,"Implant ; IUD ; Male sterilization;Female sterilization; Condoms , Male ;Pills (COC,POP and ECP) ; Injection ; Natural Methods;None/Never"
cdfb6ca3-4576-4fcb-b9b7-b7a06dfd912d,,Reason For not Using FP,Reason,Reason For not Using FP,,,,,,,,Question,Text,
2ca2333b-2b84-42cb-85ad-cf3964aca96b,,Date Started FP,"Date Started ",Date Started FP,,,,,,,,Question,Date,
f2c1c9f8-c85b-4ff5-9e40-c1f1fb81ef10,,When,When,When,,,,,,,,Question,Date,
66e34061-107b-4a52-bb19-a32f77671241,,Reason For Discontinuation,Reason For Discontinuation,Reason For Discontinuation,,,,,,,,Question,Text,
fb5497b5-6925-4411-99d8-e7b1aa275bec,,If Never Used Why?,If Never Used Why?,If Never Used Why?,,,,,,,,Question,Text,
742ef567-5d90-4abc-b567-44eb8a65a474,,Menstrual And Contraceptive History,Menstrual And Contraceptive History,Menstrual And Contraceptive History,,,,,,,,Misc,N/A,
e905e605-880f-4247-9ba3-a3eec5a17c0e,,Menstral And Contraceptive History,Menstral And Contraceptive History,Menstral And Contraceptive History,,,,,,,,Misc,N/A,
f29ab978-4ecb-41cd-b3a7-982a30ab2253,,Pregnancy Number,Preg No,Pregnancy Number,,,,,,,,Question,Text,
0a91130c-131d-4407-be81-6a591637e316,,Age,Age,Age,,,,,,,,Question,Numeric,
673937a8-6431-4736-ab1e-ba114b01580d,,Age Of the Mother At the time of Abortion,Age,,,,,,,,,Question,Numeric,
f1d88434-62db-417b-81c2-245d7955564c,,Abortion,Abortion,Abortion,,,,,,,,Question,Boolean,
b5f499f6-1caa-4b16-871d-48a7bdc2a3b4,,Gestation(Weeks),Gestation(Weeks),Gestation(Weeks),,,,,,,,Question,Numeric,
c3c695cc-2383-4143-8f15-b400a4eee4bc,,Gestation At the Time of Abortion(Weeks),Gestation(Weeks),Gestation At the Time of Abortion(Weeks),,,,,,,,Question,Numeric,
eff56515-b10c-4347-94f8-ecf3795549b6,,Hospital,Hospital,Hospital,,,,,,,,Misc,N/A,
3fd2dcb2-81f7-4ed7-ad87-d3521ea1adc1,,Home,Home,Home,,,,,,,,Misc,N/A,
6dbe7fad-ba80-412b-b7cf-13ccab4fd49a,,PHCC,PHCC,PHCC,,,,,,,,Misc,N/A,
88c59c17-b2e3-4166-932e-570972943bb8,,PHCU,PHCU,PHCU,,,,,,,,Misc,N/A,
7bd302fa-343c-4b1b-8270-70d96468e6a6,,Private Health Facility,Private Health Facility,Private Health Facility,,,,,,,,Misc,N/A,
265fc6c7-4708-48d9-bdbb-55a25dcb2c97,,Place of Delivery,Place of Delivery,Place of Delivery,,,,,,,,Question,Coded,Hospital;Home;PHCC;PHCU;Private Health Facility
040886a7-01a3-4721-aaee-90e06dd8694b,,"Delivery Mode, Normal",Normal,"Delivery Mode, Normal",,,,,,,,Misc,N/A,
2ad541e3-3bfd-4bec-832c-31a34034a564,,Mode Of Delivery,,,,,,,,,,Question,Coded,"Caesarean Section ; Delivery Mode, Normal"
544634f2-4c08-48b0-9b2b-35251189a59b,,Male,Male,Male,,,,,,,,Misc,N/A,
e74aebd1-51b5-424f-b9f0-339fd8cd3588,,Female,Female,Female,,,,,,,,Misc,N/A,
199fe803-ee9b-4d1e-b488-8a0a8d601e52,,Sex Of Baby,Sex Of Baby,Sex Of Baby,,,,,,,,Question,Coded,Male;Female
5e6e7815-af24-448c-a93f-f0fc652e89c8,,"Outcome of Foetus, Live birth (LB)",Live birth (LB),,,,,,,,,Misc,N/A,
916eb4bc-cca0-4e7f-92f5-262ed0616bdd,,"Outcome of Foetus, Macerated stillbirth- (MSB)
",Macerated stillbirth- (MSB),,,,,,,,,Misc,N/A,
520a7fb4-9c8f-46cc-b4a8-23fc570e4ba7,,"Outcome of Foetus, Fresh stillbirth (FSB)",Fresh stillbirth (FSB),,,,,,,,,Misc,N/A,
4dfde8ed-16e6-45c7-8189-266bdeff81d9,,"Outcome of Foetus, Neonatal Death (ND)",Neonatal Death (ND),,,,,,,,,Misc,N/A,
9cfdb04a-4c13-40c9-8f3b-9fbf7b6a8c96,,Foetus Outcome,Outcome Of Foetus,Outcome Of Foetus,,,,,,,,Question,Coded,"Outcome of Foetus, Live birth (LB) ;Outcome of Foetus, Macerated stillbirth- (MSB) ; 
Outcome of Foetus, Fresh stillbirth (FSB) ;
Outcome of Foetus, Neonatal Death (ND) "
02b97796-c8ac-476f-9ccd-8b97a9758350,yes,APH,APH,APH,,,,,,,,Question,Text,
4ecf66b3-1e7f-4424-9ae5-f258b46637dd,,"Antepartum haemorrhage (APH) ",APH,Antepartum haemorrhage,,,,,,,,Question,Boolean,
94fe1dca-12b3-49bb-9ad4-829eb1c3b99c,,PPH,PPH,PPH,,,,,,,,Question,Boolean,
f1ef390c-9c55-4d56-8861-330201c33014,,Other Illness,Other Illness,Other Illness,,,,,,,,Question,Text,
0d4553e0-e297-436d-9576-6c23b4b31706,,Any Comments,Any Comments,Any Comments,,,,,,,,Question,Text,
f82c6657-002a-430d-ad09-e7f62eb29066,,Para,Para,Para,,,,,,,,Question,Numeric,
086bd5dc-ab86-4482-a1f4-ffbdd994d774,,Gravida,Gravida,Gravida,,,,,,,,Question,Numeric,
b97f3df3-a803-4641-9638-d8ff513c7d74,,Past Obstetric/Gynecological History,Past Obstetric/Gynecological History,Past Obstetric/Gynecological History,,,,,,,,Misc,N/A,
ad8cdb1d-3762-4a39-bf1a-89a4eea884d8,,Date of the first Day of LNMP,Date of the first Day of LNMP,Date of the first Day of LNMP,,,,,,,,Question,Date,
12118225-edad-45e2-9313-a5bca2cb4995,,EDD,EDD,EDD,,,,,,,,Question,Date,
e2763689-5356-47b1-98e6-713b7e62bb06,,HB Test,HB Test,Hemoglobin Test,,,,,,,,Question,Boolean,
f551dcf4-4f43-445d-a1f8-26aadcda595c,,HB,HB(g/dl),"Hemoglobin ",,,,,,,,Question,Text,
25c22a9d-ef29-4cd8-9f17-9ae36b4f3f09,,HB Test Date,HB Test Date,HB Test Date,,,,,,,,Question,Date,
8bed7c90-52de-48cd-bd93-e9f60592ba61,yes,Urine Sample,Urine Sample,Urine Sample,,,,,,,,Question,Text,
7acfafa4-f19b-485e-97a7-c9e002dbe37a,,Positive,Positive,Positive,,,,,,,,Misc,N/A,
718b4589-2a11-4355-b8dc-aa668a93e098,,Negative,Negative,Negative,,,,,,,,Misc,N/A,
9024e06b-ec26-4d13-a876-70ea1eebfa3e,,Not Known,Not Known,Not Known,,,,,,,,Misc,N/A,
c36452f5-c11e-4f0e-b01a-daf412982ef6,,Urine Test,Urine Test,Urine Test,,,,,,,,Question,Boolean,
"d8395ba5-3111-4c6b-9274-2a12edfa4641 ",,Urine Test Results,Results,Urine Test Results,,,,,,,,Question,Numeric,
83ef7acf-2eae-4c6a-9824-a0035df96b4e,,Urine Test Date,Date Tested,Date Tested,,,,,,,,Question,Date,
453d955f-7755-4230-9a69-caf17a191864,,RPR/VDRL,RPR/VDRL,RPR/VDRL,,,,,,,,Question,Coded,Positive;Negative;Not Known
6943fb27-7e49-4575-8679-8198987c2a28,,RPR/VDRL Test Date,Date Tested,RPR/VDRL Test Date,,,,,,,,Question,Date,
2ca63aec-74ea-46ab-bea7-853c9a8e3154,yes,HIV Sample,HIV,HIV Sample,,,,,,,,Question,Coded,Positive;Negative
b44b4b2b-b3b5-400d-8886-59ada6e91eaa,,HBV - Not Done,Not Done,HBV - Not Done,,,,,,,,Misc,N/A,
e55c5d38-b971-4d78-a8a0-7cdc35b077c1,,HBV,HBV,HBV - (Hepatitis â€“ B Sample),,,,,,,,Question,Coded,Positive;Negative;Not Done
4b29e599-8194-414d-984b-650e11962c13,,HBV Test Date,Date Tested,,,,,,,,,Question,Date,
352f5942-5ad1-427e-ac3e-9477ca7a3ad0,,Blood Group (A+),A+,Blood Group (A+),,,,,,,,Misc,N/A,
0d17b313-76db-4cd6-9835-cefccced5658,,Blood Group (A-),A-,Blood Group (A-),,,,,,,,Misc,N/A,
9b7a8ef0-b338-4879-9b2e-06dd766646bf,,Blood Group (B+),B+,Blood Group (B+),,,,,,,,Misc,N/A,
eb7c6204-87e9-41b8-a4a1-f38d0e0c6913,,Blood Group (B-),B-,Blood Group (B-),,,,,,,,Misc,N/A,
e16a20f8-1a1a-40bb-bded-91126f46cb54,,Blood Group (O+),O+,Blood Group (O+),,,,,,,,Misc,N/A,
adfc9a1d-c1d3-44e0-ac25-03f26176b719,,Blood Group (O-),O-,Blood Group (O-),,,,,,,,Misc,N/A,
65be8287-57b2-42bb-a66a-7d96892373e0,,Blood Group (AB+),AB+,Blood Group (AB+),,,,,,,,Misc,N/A,
26da4ef7-8667-42a6-8d33-fffabdb54567,,Blood Group (AB-),AB-,Blood Group (AB-),,,,,,,,Misc,N/A,
b8539bf4-86dd-42bc-be04-9108f03dad11,,Blood Group And Rhesus Factor,Blood Group & Rhesus Factor,Blood Group And Rhesus Factor,,,,,,,,Question,Coded,Blood Group (A+);Blood Group (A-);Blood Group (B+);Blood Group (B-);Blood Group (O+);Blood Group (O-);Blood Group (AB+);Blood Group (AB-)
50c9bb3c-494c-4a74-8018-1430edc0dba9,,HEIGHT (CM),HEIGHT (CM),HEIGHT (CM),,,,,,,,Question,Numeric,
6faaf0eb-dfd9-4dca-a49c-2fc9a3ca7ff7,,Pregnancy Samples,Pregnancy Samples,Pregnancy Samples,,,,,,,,Misc,N/A,
83bc2c85-69b5-4cd4-bda0-f6cb8056c4db,,Laboratory Investigation,Laboratory Investigation,Laboratory Investigation,,,,,,,,Misc,N/A,
872774f5-667c-42a7-95d2-8a7bd2333261,,Present Pregnancy,Present Pregnancy,Present Pregnancy,,,,,,,,Misc,N/A,
fe5a8532-8f86-40eb-89eb-7e099c6e8414,,Pregnancy Samples History,Pregnancy Samples History,Pregnancy Samples History,,,,,,,,Misc,N/A,
08ac9b40-f40d-4ed9-b177-f3bad5028f9c,,Current visit label,"Current visit ",Current visit label,,,,,,,,Question,Text,
fffceb44-ffa6-4118-a52a-77a48525c8d8,,1 = Second Contact,Fifth Visit,1 = Second Contact,,,,,,,,Misc,N/A,
"45f3d865-6df2-4372-ab1c-ef880fee27df ",,1 = First Contact,First Visit,1 = First Contact,,,,,,,,Misc,N/A,
45eda731-ca22-4051-b56a-11386fb45a27,,2 = Second Contact,Second Visit,2 = Second Contact,,,,,,,,Misc,N/A,
08f26e49-8fc1-41d6-ba22-22113c567d76,,3 = Third Contact,Third Visit,3 = Third Contact,,,,,,,,Misc,N/A,
fe4d6b83-ceb1-4ade-ac71-6e18299082f9,,4 = Fourth Contact,Fourth Visit,4 = Fourth Contact,,,,,,,,Misc,N/A,
8c33425a-5ce6-41f7-ab12-315137d7e0e4,,5 = Fifth Contact,Fifth Visit,5 = Fifth Contact,,,,,,,,Misc,N/A,
0a2826d0-a513-4ab2-85c1-8c38b0cd159e,,6 = Sixth Contact,Sixth Visit,6 = Sixth Contact,,,,,,,,Misc,N/A,
ddc7fae2-5030-4e34-83a4-8738dfc086dc,,7 = Seventh Contact,Seventh Visit,7 = Seventh Contact,,,,,,,,Misc,N/A,
c5e17bc1-6cea-4f09-beda-6563369d8a3e,,8 = Eight Contact,Eighth Visit,8 = Eight Contact,,,,,,,,Misc,N/A,
63febd2c-efa4-4fa8-9493-1a4d552a5e50,,9 = Eight Contact,Nineth Visit,9 = Eight Contact,,,,,,,,Misc,N/A,
7d38d64e-3108-4bc4-a7fa-f90a3d885915,,9 = Ninth Contact,Ninth Visit,9 = Ninth Contact,,,,,,,,Misc,N/A,
4a01c8fe-2b25-420b-ace0-755b840b62ac,,Visit Number,Visit Number,Visit Number,,,,,,,,Question,Coded,1 = First Contact;2 = Second Contact;3 = Third Contact;4 = Fourth Contact;5 = Fifth Contact;6 = Sixth Contact;7 = Seventh Contact;8 = Eight Contact;9 = Ninth Contact
e605731b-2e81-41a9-8446-2ed442c339e2,,Date,Date,Date,,,,,,,,Misc,Date,
d7e145c3-dd4e-4b97-ba8b-37687ecdf818,,"Blood Pressure , Pregnancy Visit",BP,"Blood Pressure , Pregnancy Visit",,,,,,,,Question,Numeric,
cdb44f5d-86cc-452e-b8a1-6034826b1444,,"Edema, Pregnancy visits",Edema,"Edema, Pregnancy visits",,,,,,,,Question,Boolean,
52d35d9e-38ec-44f0-9245-e33efa319f59,,"Maternal Care, Presentation",Presentation,"Maternal Care, Presentation",,,,,,,,Question,Coded,Cephalic Presentation;Breech Presentation ; Transverse
9f97c629-b1a0-42dc-bb2f-9227aad97d96,,"MUAC, Pregnancy Visit",MUAC,"MUAC, Pregnancy Visit",,,,,,,,Question,Numeric,
c3605022-b871-4c83-9c5a-9301403bc0d9,,"Present, Pregnancy Visit",Present,"Present, Pregnancy Visit",,,,,,,,Question,Text,
9552e940-daf5-49b9-89e4-5d7cf7502a5b,,"Fundal Height , Pregnancy Visit",Fundal Height,"Fundal Height , Pregnancy Visit",,,,,,,,Question,Numeric,
4832f67f-89e8-4c31-9921-b3910d26d259,,Fetal Heart,Fetal Heart,Fetal Heart,,,,,,,,Question,Numeric,
91f1895c-e1df-4663-9440-ca8e044e5b32,yes,PV Discharge,PV Discharge,PV Discharge,,,,,,,,Question,Text,
e26c16ac-96e3-482e-af64-31542db9810b,,Pregnancy Virginal Discharge,PV Discharge,Pregnancy Virginal Discharge,,,,,,,,Question,Boolean,
ff11338d-71eb-4e97-bb39-bff69299f397,yes,TT,TT,TT,,,,,,,,Question,Text,
28d81477-8ce4-4f55-b9c5-7b923e140fcd,,Tetanus,TT,Tetanus,,,,,,,,Question,Boolean,
6ff1e92d-aa09-4ec1-9680-66769d7786aa,yes,"Iron, Pregnancy Visit",Iron,"Iron, Pregnancy Visit",,,,,,,,Question,Text,
e2833548-1432-4cf3-8c86-b8f7f9a0eaa1,,"Iron, Pregnancy_visit",Iron,"Iron, Pregnancy_visit",,,,,,,,Question,Boolean,
aaa31436-5fe5-40c4-a147-b5420eb10b0a,yes,ITN,ITN,ITN,,,,,,,,Question,Text,
08136431-4c51-40e6-86e5-bdd927f2c95f,,Insecticide Treated Net,ITN,Insecticide Treated Net,,,,,,,,Question,Boolean,
ffe8f8ae-fcd4-4be5-9a97-7764436a0cd5,yes,IPT/SP,IPT/SP,IPT/SP,,,,,,,,Question,Text,
"2cd3aeb7-f345-45a1-b384-31f40430d03e ",,"Intemittent preventive treatment ",IPT/SP,"Intemittent preventive treatment ",,,,,,,,Question,Boolean,
a1a04d7c-45fd-41f7-8831-d6db95f688da,,Remarks,Remarks,Remarks,,,,,,,,Question,Text,
f28b859c-7445-4a37-b0eb-cf9de3c4e743,yes,Provider Name,Provider Name,Provider Name,,,,,,,,Question,Text,
d8ea5ef0-4460-4ff3-a0d7-b4381236687f,,Maternal Care Information,Maternal Care Information,Maternal Care Information,,,,,,,,Misc,N/A,
d43b9fe5-49a7-431e-b436-41369413211d,,Pregnancy Visit Information,Pregnancy Visit Information,Pregnancy Visit Information,,,,,,,,Misc,N/A,
4fdc5b5b-ff7a-4bdf-920f-92276ef6c07f,,Other Answer,Other (Specify),Other (Specify),,,,,,,,Misc,N/A,
e55439f5-afdd-4dd2-afba-203ea2f2d79f,,Planned Delivery Place,Planned Delivery Place,Planned Delivery Place,,,,,,,,Question,Coded,Home;Hospital;PHCC;PHCU;Private Health Facility; Other Answer
132b860d-f6eb-4c33-957b-56d544830e0d,yes,Delivery Personnel/Person,Delivery Personnel/Person,Delivery Personnel/Person,,,,,,,,Question,Text,
ff0590b0-d55d-4d22-a902-dbed0f1a6810,yes,Delivery Personal,Delivery Personal,Delivery Personal,,,,,,,,Question,Text,
f21874ae-184e-4f89-8f94-924c3b4e1dbb,,Doctor,Doctor,Doctor,,,,,,,,Misc,N/A,
ce4e5cc9-0c52-4a30-b8dc-47fb9500f7fa,,Clinical Officer/Associated Clinician,Clinical Officer/Associated Clinician,Clinical Officer/Associated Clinician,,,,,,,,Misc,N/A,
21c8ba5b-6a4c-4039-be5d-e5b71117bab5,,Midwife,Midwife,Midwife,,,,,,,,Misc,N/A,
ac49bd67-d905-4c8d-9992-c6b3b33b3368,,Nurse,Nurse,Nurse,,,,,,,,Misc,N/A,
7b993509-7f24-4591-b52c-2f9174e5ffae,,Other Delivery Personnel,Other Delivery Personnel,Others,,,,,,,,Misc,N/A,
6246a4dd-9ae6-4b16-a75c-a2e694b38d87,,Delivery Personnel or Person,Delivery Personnel/Person,Delivery Personnel/Person,,,,,,,,Question,Coded,Doctor ; Clinical Officer/Associated Clinician ; Midwife ; Nurse ; Other Delivery Personnel
"57d460d6-4151-464f-86e1-6d9e994e51e7 ",,Specify Other Delivery Personnel,Specify,Specify Other Delivery Personnel,,,,,,,,Question,Text,
ba100d20-e665-45eb-806c-8fd7cb890e81,,Tricycle/Ragsha,Tricycle/Ragsha,Tricycle/Ragsha,,,,,,,,Misc,N/A,
44c7d8f7-4b14-4816-bb3f-59100d01203c,,Bicycle,Bicycle,,,,,,,,,Misc,N/A,
bb56df9c-4d33-4ea0-85f1-c0a8712eb81b,,Motorbike,Motorbike,Motorbike,,,,,,,,Misc,N/A,
80947b71-33fe-4a33-ba9e-e9b4f9fa5b47,,Footing,Footing,Footing,,,,,,,,Misc,N/A,
7cd72f55-1b80-495d-9449-73e13ebdc083,,Stretcher,Stretcher,Stretcher,,,,,,,,Misc,N/A,
55968d11-8a3f-46ea-a55e-9b62cd9aa488,,Wheelbarrow,Wheelbarrow,Wheelbarrow,,,,,,,,Misc,N/A,
407f696c-0031-4c8e-addb-6df7b5efa887,,Other Modes Of Transport,Others,Other Modes Of Transport,,,,,,,,Misc,N/A,
1d5a9c8e-ac61-47a6-a874-d0d53f48d906,,Vehicle,Vehicle,Vehicle,,,,,,,,Misc,N/A,
5e3676a4-199c-422d-bbe5-ed0875191421,,Specify Other Modes Of transport,Others,Specify Other Modes Of transport,,,,,,,,Question,Text,
489695bc-c0a0-4c81-88e2-ef66947192e3,,Mode of Getting to Delivery Place,Mode of Getting to Delivery Place,Mode of Getting to Delivery Place,,,,,,,,Question,Coded,Vehicle;Tricycle/Ragsha;Motorbike;Bicycle;Footing;Stretcher;Wheelbarrow;Other Modes Of Transport
91d7b8f7-9266-430a-b2e5-8dfe0912ace6,,Did you Receive a Mama Kit,Did you Receive a Mama Kit,Did you Receive a Mama Kit,,,,,,,,Question,Boolean,
0528f58d-c4eb-4fc8-9de9-4c9779e1bcfd,,Do you have clean clothes for the Baby?,Do you have clean clothes for the Baby?,Do you have clean clothes for the Baby?,,,,,,,,Question,Boolean,
c84d3697-4097-46cf-9a90-bc970aba241e,,Other (Place specify),Other (Place specify),Other (Place specify),,,,,,,,Question,Text,
645b6391-2f53-4ca7-bb78-51c08b1ab4b1,,Who will accompany you to delivery place,Who will accompany you to delivery place,Who will accompany you to delivery place,,,,,,,,Question,Text,
f3a9a361-fc5d-45c0-85a9-ac1540948f84,,Birth Plan Information,Birth Plan Information,Birth Plan Information,,,,,,,,Misc,N/A,
99c53e59-38cd-4d1b-917e-6d922a0d78e2,,"Post Natal,Date Of Delivery",Date Of Delivery,Post Natal - Date Of Delivery,,,,,,,,Question,Date,
9e44e0fd-2b24-4d39-ba3a-2d273aee771c,,"Post Natal,Mode Of Delivery",Mode of Delivery,Post Natal - Mode Of Delivery,,,,,,,,Question,coded,"Caesarean Section ; Delivery Mode, Normal"
bfaa9af8-e59f-4522-9018-dc6a87706ab4,,"Place Deliveted,Home",Home,Place Delivered - Home,,,,,,,,Misc,N/A,
df071cf7-605c-425f-b4b0-e80df5f3a290,,"Place Deliveted,This Facility",This Facility,Place Delivered - This Facility,,,,,,,,Misc,N/A,
1305dd9c-64fc-4664-8be4-a78cec5c1e1a,,"Place Delivered, Other facility",Other Facility,"Place Delivered, Other facility",,,,,,,,Misc,N/A,
7914ba2e-3350-433a-bab3-437bda355659,,"Post Natal ,Place Delivery",place of Delivery,Post Natal -  Place Delivery,,,,,,,,Question,Coded,"Place Deliveted,Home ; Place Deliveted,This Facility ;Place Delivered, Other facility"
bfe406c2-cb1c-4683-9b51-156687dc47ef,,"Place Delivered, specify",Specify,,,,,,,,,Question,Text,
4c5db86c-edd8-40ef-8b4f-226ad7f07a43,,"Post Natal,Sex Of the Baby",Sex Of the Baby,Post Natal - Sex Of the Baby,,,,,,,,Question,Coded,Male;Female
fbee6c38-1494-4d91-8931-679947f9a4f6,,"Post Natal, Weight",Weight,Post Natal - Weight,,,,,,,,Question,Numeric,
1eaf7bcf-680e-4bd2-9e2c-31456626ce5b,yes,Condition of the Baby (breastfeeding),Condition of the Baby,Condition of the Baby,,,,,,,,Question,Text,
11d22b26-7481-4300-91fb-b230c971b779,,Alive and Well,Alive and Well,,,,,,,,,Misc,N/A,
32810124-3e83-482f-87be-eaa4139b866a,,Referred To the Management,Referred To the Management,,,,,,,,,Misc,N/A,
02695121-d3a8-4387-abd9-45bef3062010,,Condition of the Baby,Condition oof the baby,Condition of the baby,,,,,,,,Question,Coded,Alive and Well;Referred To the Management ; Dead
850ccaf1-3d08-4e6d-bc48-7ec11294eab2,,Drugs given to the Baby,Drugs given to the Baby,Drugs given to the Baby,,,,,,,,Question,Text,
d598449f-e210-4a85-9fd5-e0a7051cd20c,yes,Condition of the mother,Condition of the mother,Condition of the mother,,,,,,,,Question,Text,
79c1329b-665f-4e27-8527-d55fa6e5f439,,"Post Natal, Condition of the mother",Condition of the mother,,,,,,,,,Question,Coded,Alive and Well;Referred To the Management ; Dead
7d916883-b179-41f5-b4fa-84a87214c737,,Date Vitamin 'A' received by Mother,Date Vitamin 'A' received by Mother,Date Vitamin 'A' received by Mother,,,,,,,,Question,Date,
95f532cd-0c8e-493d-9d9b-af167c299a46,,Family Planning Choice,Familiy Planning Choice,Familiy Planning Choice,,,,,,,,Question,Coded,"Implant ; IUD ; Male sterilization;Female sterilization; Condoms , Male ;Pills (COC,POP and ECP) ; Injection ; Natural Methods;None/Never"
12d5289d-0d24-409b-961e-59495d47a21c,,Post Natal Care Section,Post Natal Care Section,Post Natal Care Section,,,,,,,,Misc,N/A,
c36bc411-3f10-11e4-adec-0800271c1b75,,Pulse,Pulse,,,60,100,yes,2,,,Misc,Numeric,
4e18dcd5-c521-4721-9f0e-00b58e8406ed,,Temparature for pregnant Women,Temparature,,,36.1,37.2,yes,2,,,Misc,Numeric,
71611db1-cd65-4ae1-9d59-537b82fe7289,,ANC CARD FORM,ANC CARD FORM,ANC CARD FORM,,,,,,,,Misc,N/A,